[
  {
    "_id": "676cff62acc52acf4097dde6",
    "id": "SKU001",
    "title": "Ring",
    "price14KT": 6311,
    "price18KT": 9551,
    "image01": "https://cdn.caratlane.com/media/catalog/product/cache/6/image/480x480/9df78eab33525d08d6e5fb8d27136e95/J/R/JR03296-YGP600_11_listfront.jpg",
    "category": "Ring",
    "diamondprice": 251250,
    "makingCharge14KT": 2085,
    "makingCharge18KT": 2452.5,
    "grossWt": 3.4,
    "netWeight14KT": 1.39,
    "netWeight18KT": 1.635,
    "gst14KT": 7789.38,
    "gst18KT": 7897,
    "total14KT": 267435.38,
    "total18KT": 271150.5,
    "__v": 0
  }
]